{"id":2,"name":"好再来餐厅","status":1,"tel":"","menus":{"大份鸡腿套餐":12,"小份鸡腿套餐":10,"香酥鸡腿套餐":10,"酱鸡腿套餐":12,"酱汁鸡腿套餐":10,"糖醋带鱼套餐":12,"红烧带鱼套餐":12,"湘味鲍鱼套餐":12,"香辣小黄鱼套餐":12,"豆豉小黄鱼套餐":12,"红烧鸡翅根套餐":13,"麻辣翅根套餐":13,"青椒肚片套餐":13,"土豆肚片套餐":13,"红烧排骨套餐":13,"糖醋排骨套餐":13,"酸菜肥肠套餐":13,"红烧肥肠套餐":13,"蘑菇烧鸡套餐":13,"古老肉套餐":13,"爽口排条套餐":13,"脆皮鸭套餐":13,"手撕鸡套餐":13,"飘香鸡套餐":13,"五香牛肉套餐":13,"馋嘴牛肉套餐":13,"土豆烧牛肉套餐":14,"花菜肉片套餐":10,"水煮牛肉套餐":13,"水煮肉片套餐":12,"水煮川味鸡套餐":12,"水煮鱼片套餐":12,"酸菜鱼套餐":12,"毛血旺套餐":12,"猪蹄炖黄豆套餐":13,"排骨炖冬瓜套餐":13,"排骨炖土豆套餐":13,"炖三宝套餐":13,"鸡丁菜饭":10,"香肠菜饭":10,"咸肉菜饭":10,"腊肉菜饭":10,"肉丝菜饭":10,"牛肉菜饭":12,"扬州炒饭":8,"蛋炒饭":6,"土豆烧肉盖浇饭":10,"红烧鸡块盖浇饭":10,"尖椒牛柳盖浇饭":10,"小炒肉盖浇饭":10,"土豆牛柳盖浇饭":10,"百叶烧肉盖浇饭":10,"香菇烧肉盖浇饭":10,"咖喱鸡块盖浇饭":10,"鱼香肉丝盖浇饭":8,"回锅肉盖浇饭":8,"青椒肉丝盖浇饭":8,"蒜苔肉丝盖浇饭":8,"莴笋肉丝盖浇饭":8,"宫保鸡丁盖浇饭":8,"家常豆腐盖浇饭":8,"麻辣豆腐盖浇饭":8,"西红柿炒鸡蛋盖浇饭":8,"青椒炒蛋盖浇饭":8,"油焖茄子盖浇饭":8,"香菇青菜盖浇饭":8,"香肠炒蛋盖浇饭":8,"平菇肉丝盖浇饭":8,"尖椒腊肉盖浇饭":8,"芹菜肉丝盖浇饭":8,"酸辣/青椒土豆丝盖浇饭":8}}